,Date,AYX,BNGO,MSFT,SPLK,TWLO,AYX_open_initial_value,AYX_open_closing_value,AYX_open_profit_nominal,AYX_open_profit_rate,AYX_closed_initial_value,AYX_closed_closing_value,AYX_closed_profit_nominal,AYX_closed_profit_rate,AYX_total_initial_value,AYX_total_closing_value,AYX_total_profit_nominal,AYX_total_profit_rate,BNGO_open_initial_value,BNGO_open_closing_value,BNGO_open_profit_nominal,BNGO_open_profit_rate,BNGO_closed_initial_value,BNGO_closed_closing_value,BNGO_closed_profit_nominal,BNGO_closed_profit_rate,BNGO_total_initial_value,BNGO_total_closing_value,BNGO_total_profit_nominal,BNGO_total_profit_rate,MSFT_open_initial_value,MSFT_open_closing_value,MSFT_open_profit_nominal,MSFT_open_profit_rate,MSFT_closed_initial_value,MSFT_closed_closing_value,MSFT_closed_profit_nominal,MSFT_closed_profit_rate,MSFT_total_initial_value,MSFT_total_closing_value,MSFT_total_profit_nominal,MSFT_total_profit_rate,SPLK_open_initial_value,SPLK_open_closing_value,SPLK_open_profit_nominal,SPLK_open_profit_rate,SPLK_closed_initial_value,SPLK_closed_closing_value,SPLK_closed_profit_nominal,SPLK_closed_profit_rate,SPLK_total_initial_value,SPLK_total_closing_value,SPLK_total_profit_nominal,SPLK_total_profit_rate,TWLO_open_initial_value,TWLO_open_closing_value,TWLO_open_profit_nominal,TWLO_open_profit_rate,TWLO_closed_initial_value,TWLO_closed_closing_value,TWLO_closed_profit_nominal,TWLO_closed_profit_rate,TWLO_total_initial_value,TWLO_total_closing_value,TWLO_total_profit_nominal,TWLO_total_profit_rate,open_initial_value_for_date,open_closing_value_for_date,open_profit_nominal_for_date,open_profit_rate_for_date,closed_initial_value_for_date,closed_closing_value_for_date,closed_profit_nominal_for_date,closed_profit_rate_for_date,total_initial_value_for_date,total_closing_value_for_date,total_profit_nominal_for_date,total_profit_rate_for_date
0,2021-09-20,69.75,5.170000076293945,294.29998779296875,146.75999450683594,337.8599853515625,715.6303311999999,723.8285324999999,8.19820130000005,1.1455916473317937,0,0,0,,715.6303311999999,723.8285324999999,8.19820130000005,1.1455916473317937,500.0000147,507.8585685944939,7.858553894493866,1.5717107326904778,0,0,0,,500.0000147,507.8585685944939,7.858553894493866,1.5717107326904778,1199.8830183,1203.5898310772704,3.706812777270443,0.3089311808514694,0,0,0,,1199.8830183,1203.5898310772704,3.706812777270443,0.3089311808514694,,,,,0,0,,,,,,,,,,,0,0,,,,,,,2415.5133642,2435.276932171764,19.76356797176436,0.8181932778628893,0.0,0.0,0.0,,2415.5133642,2435.276932171764,19.76356797176436,0.8181932778628893
1,2021-09-21,70.0,5.190000057220459,294.79998779296875,148.17999267578125,344.1000061035156,715.6303311999999,726.4228999999999,10.792568800000026,1.5081206496519761,0,0,0,,715.6303311999999,726.4228999999999,10.792568800000026,1.5081206496519761,500.0000147,509.8232033208704,9.823188620870383,1.964637666413729,0,0,0,,500.0000147,509.8232033208704,9.823188620870383,1.964637666413729,1199.8830183,1205.6346660772706,5.751647777270591,0.4793507108234229,0,0,0,,1199.8830183,1205.6346660772706,5.751647777270591,0.4793507108234229,,,,,0,0,,,,,,,,,,,0,0,,,,,,,2415.5133642,2441.8807693981407,26.367405198141,1.0915859787376232,0.0,0.0,0.0,,2415.5133642,2441.8807693981407,26.367405198141,1.0915859787376232
2,2021-09-22,69.87999725341797,5.460000038146973,298.5799865722656,149.88999938964844,349.0,715.6303311999999,725.1775750974273,9.547243897427393,1.3341027456757124,0,0,0,,715.6303311999999,725.1775750974273,9.547243897427393,1.3341027456757124,500.0000147,536.3457955472469,36.345780847246886,7.269155955736192,0,0,0,,500.0000147,536.3457955472469,36.345780847246886,7.269155955736192,1199.8830183,1221.0936136849975,21.210595384997532,1.7677219413479828,0,0,0,,1199.8830183,1221.0936136849975,21.210595384997532,1.7677219413479828,,,,,0,0,,,,,,,,,,,0,0,,,,,,,2415.5133642,2482.616984329672,67.10362012967181,2.778027276694294,0.0,0.0,0.0,,2415.5133642,2482.616984329672,67.10362012967181,2.778027276694294
3,2021-09-23,72.37000274658203,5.639999866485596,299.55999755859375,152.55999755859375,348.989990234375,715.6303311999999,751.0175324025726,35.38720120257267,4.944899574509912,0,0,0,,715.6303311999999,751.0175324025726,35.38720120257267,4.944899574509912,500.0000147,554.0275080846358,54.02749338463576,10.805498359245501,0,0,0,,500.0000147,554.0275080846358,54.02749338463576,10.805498359245501,1199.8830183,1225.101535215454,25.218516915454074,2.1017479646627377,0,0,0,,1199.8830183,1225.101535215454,25.218516915454074,2.1017479646627377,,,,,0,0,,,,,,,,,,,0,0,,,,,,,2415.5133642,2530.1465757026626,114.6332115026625,4.745708022221116,0.0,0.0,0.0,,2415.5133642,2530.1465757026626,114.6332115026625,4.745708022221116
4,2021-09-24,75.5,5.489999771118164,299.3500061035156,151.1199951171875,343.2099914550781,715.6303311999999,783.498985,67.86865380000006,9.483758700696066,0,0,0,,715.6303311999999,783.498985,67.86865380000006,9.483758700696066,500.0000147,539.2927242165184,39.292709516518414,7.858541672262558,0,0,0,,500.0000147,539.2927242165184,39.292709516518414,7.858541672262558,1199.8830183,1224.2427394613646,24.359721161364632,2.0301746745176543,0,0,0,,1199.8830183,1224.2427394613646,24.359721161364632,2.0301746745176543,,,,,0,0,,,,,,,,,,,0,0,,,,,,,2415.5133642,2547.034448677883,131.5210844778831,5.444850209778982,0.0,0.0,0.0,,2415.5133642,2547.034448677883,131.5210844778831,5.444850209778982
5,2021-09-25,75.5,5.489999771118164,299.3500061035156,151.1199951171875,343.2099914550781,715.6303311999999,783.498985,67.86865380000006,9.483758700696066,0,0,0,,715.6303311999999,783.498985,67.86865380000006,9.483758700696066,500.0000147,539.2927242165184,39.292709516518414,7.858541672262558,0,0,0,,500.0000147,539.2927242165184,39.292709516518414,7.858541672262558,1199.8830183,1224.2427394613646,24.359721161364632,2.0301746745176543,0,0,0,,1199.8830183,1224.2427394613646,24.359721161364632,2.0301746745176543,,,,,0,0,,,,,,,,,,,0,0,,,,,,,2415.5133642,2547.034448677883,131.5210844778831,5.444850209778982,0.0,0.0,0.0,,2415.5133642,2547.034448677883,131.5210844778831,5.444850209778982
6,2021-09-26,75.5,5.489999771118164,299.3500061035156,151.1199951171875,343.2099914550781,715.6303311999999,783.498985,67.86865380000006,9.483758700696066,0,0,0,,715.6303311999999,783.498985,67.86865380000006,9.483758700696066,500.0000147,539.2927242165184,39.292709516518414,7.858541672262558,0,0,0,,500.0000147,539.2927242165184,39.292709516518414,7.858541672262558,1199.8830183,1224.2427394613646,24.359721161364632,2.0301746745176543,0,0,0,,1199.8830183,1224.2427394613646,24.359721161364632,2.0301746745176543,,,,,0,0,,,,,,,,,,,0,0,,,,,,,2415.5133642,2547.034448677883,131.5210844778831,5.444850209778982,0.0,0.0,0.0,,2415.5133642,2547.034448677883,131.5210844778831,5.444850209778982
7,2021-09-27,75.38999938964844,5.539999961853027,294.1700134277344,148.8000030517578,345.1199951171875,715.6303311999999,782.3574569660949,66.72712576609501,9.32424505459461,0,0,0,,715.6303311999999,782.3574569660949,66.72712576609501,9.32424505459461,500.0000147,544.2043344527531,44.204319752753065,8.84086369062922,0,0,0,,500.0000147,544.2043344527531,44.204319752753065,8.84086369062922,1199.8830183,1203.0582788150025,3.175260515002492,0.26463084038819185,0,0,0,,1199.8830183,1203.0582788150025,3.175260515002492,0.26463084038819185,,,,,0,0,,,,,,,,,,,0,0,,,,,,,2415.5133642,2529.62007023385,114.10670603385057,4.7239111869555455,0.0,0.0,0.0,,2415.5133642,2529.62007023385,114.10670603385057,4.7239111869555455
8,2021-09-28,71.83000183105469,5.460000038146973,283.5199890136719,139.4199981689453,322.1499938964844,715.6303311999999,745.413689101715,29.783357901715135,4.1618356018774545,0,0,0,,715.6303311999999,745.413689101715,29.783357901715135,4.1618356018774545,500.0000147,536.3457955472469,36.345780847246886,7.269155955736192,0,0,0,,500.0000147,536.3457955472469,36.345780847246886,7.269155955736192,1199.8830183,1159.5031934695435,-40.37982483045653,-3.3653134692802684,0,0,0,,1199.8830183,1159.5031934695435,-40.37982483045653,-3.3653134692802684,,,,,0,0,,,,,,,,,,,0,0,,,,,,,2415.5133642,2441.2626781185054,25.749313918505493,1.0659975763385314,0.0,0.0,0.0,,2415.5133642,2441.2626781185054,25.749313918505493,1.0659975763385314
9,2021-09-29,71.6500015258789,5.210000038146973,284.0,137.57000732421875,312.79998779296875,715.6303311999999,743.5457413347625,27.915410134762624,3.900814277666635,0,0,0,,715.6303311999999,743.5457413347625,27.915410134762624,3.900814277666635,500.0000147,511.78783804724696,11.787823347246956,2.357564600136992,0,0,0,,500.0000147,511.78783804724696,11.787823347246956,2.357564600136992,1199.8830183,1161.4662799999999,-38.416738300000134,-3.201706975937467,0,0,0,,1199.8830183,1161.4662799999999,-38.416738300000134,-3.201706975937467,,,,,0,0,,,,,,,,,,,0,0,,,,,,,2415.5133642,2416.7998593820093,1.2864951820094461,0.0532597004461349,0.0,0.0,0.0,,2415.5133642,2416.7998593820093,1.2864951820094461,0.0532597004461349
10,2021-09-30,73.0999984741211,5.5,281.9200134277344,144.7100067138672,319.04998779296875,715.6303311999999,758.5930411652373,42.96270996523742,6.003478065720844,0,0,0,,715.6303311999999,758.5930411652373,42.96270996523742,6.003478065720844,500.0000147,540.275065,40.27505030000003,8.055009823182717,0,0,0,,500.0000147,540.275065,40.27505030000003,8.055009823182717,1199.8830183,1152.9598213150025,-46.9231969849975,-3.9106476439243645,0,0,0,,1199.8830183,1152.9598213150025,-46.9231969849975,-3.9106476439243645,,,,,0,0,,,,,,,,,,,0,0,,,,,,,2415.5133642,2451.82792748024,36.31456328023995,1.503389044269142,0.0,0.0,0.0,,2415.5133642,2451.82792748024,36.31456328023995,1.503389044269142
11,2021-10-01,74.0199966430664,5.21999979019165,289.1000061035156,145.13999938964844,324.3299865722656,715.6303311999999,768.1402945635223,52.50996336352239,7.337582139017418,0,0,0,,715.6303311999999,768.1402945635223,52.50996336352239,7.337582139017418,500.0000147,512.7701319901419,12.770117290141854,2.5540233829400836,0,0,0,,500.0000147,512.7701319901419,12.770117290141854,2.5540233829400836,1199.8830183,1182.3236219613648,-17.559396338635224,-1.4634256899071263,0,0,0,,1199.8830183,1182.3236219613648,-17.559396338635224,-1.4634256899071263,,,,,0,0,,,,,,,,,,,0,0,,,,,,,2415.5133642,2463.234048515029,47.72068431502902,1.9755918150688263,0.0,0.0,0.0,,2415.5133642,2463.234048515029,47.72068431502902,1.9755918150688263
12,2021-10-02,74.0199966430664,5.21999979019165,289.1000061035156,145.13999938964844,324.3299865722656,715.6303311999999,768.1402945635223,52.50996336352239,7.337582139017418,0,0,0,,715.6303311999999,768.1402945635223,52.50996336352239,7.337582139017418,500.0000147,512.7701319901419,12.770117290141854,2.5540233829400836,0,0,0,,500.0000147,512.7701319901419,12.770117290141854,2.5540233829400836,1199.8830183,1182.3236219613648,-17.559396338635224,-1.4634256899071263,0,0,0,,1199.8830183,1182.3236219613648,-17.559396338635224,-1.4634256899071263,,,,,0,0,,,,,,,,,,,0,0,,,,,,,2415.5133642,2463.234048515029,47.72068431502902,1.9755918150688263,0.0,0.0,0.0,,2415.5133642,2463.234048515029,47.72068431502902,1.9755918150688263
13,2021-10-03,74.0199966430664,5.21999979019165,289.1000061035156,145.13999938964844,324.3299865722656,715.6303311999999,768.1402945635223,52.50996336352239,7.337582139017418,0,0,0,,715.6303311999999,768.1402945635223,52.50996336352239,7.337582139017418,500.0000147,512.7701319901419,12.770117290141854,2.5540233829400836,0,0,0,,500.0000147,512.7701319901419,12.770117290141854,2.5540233829400836,1199.8830183,1182.3236219613648,-17.559396338635224,-1.4634256899071263,0,0,0,,1199.8830183,1182.3236219613648,-17.559396338635224,-1.4634256899071263,,,,,0,0,,,,,,,,,,,0,0,,,,,,,2415.5133642,2463.234048515029,47.72068431502902,1.9755918150688263,0.0,0.0,0.0,,2415.5133642,2463.234048515029,47.72068431502902,1.9755918150688263
14,2021-10-04,68.29000091552734,5.059999942779541,283.1099853515625,140.27999877929688,313.2200012207031,715.6303311999999,708.6774358008574,-6.952895399142449,-0.9715763985972384,0,0,0,,715.6303311999999,708.6774358008574,-6.952895399142449,-0.9715763985972384,500.0000147,497.0530541791296,-2.946960520870391,-0.5893920868459509,0,0,0,,500.0000147,497.0530541791296,-2.946960520870391,-0.5893920868459509,1199.8830183,1157.8264137927247,-42.056604507275324,-3.5050587320471727,0,0,0,,1199.8830183,1157.8264137927247,-42.056604507275324,-3.5050587320471727,,,,,0,0,,,,,,,,,,,0,0,,,,,,,2415.5133642,2363.556903772712,-51.956460427288164,-2.1509489948318214,0.0,0.0,0.0,,2415.5133642,2363.556903772712,-51.956460427288164,-2.1509489948318214
15,2021-10-05,70.4000015258789,5.099999904632568,288.760009765625,142.5800018310547,320.2300109863281,715.6303311999999,730.5739038347625,14.943572634762631,2.088169266065708,0,0,0,,715.6303311999999,730.5739038347625,14.943572634762631,2.088169266065708,500.0000147,500.9823236318827,0.9823089318826987,0.1964617806005634,0,0,0,,500.0000147,500.9823236318827,0.9823089318826987,0.1964617806005634,1199.8830183,1180.9331491381836,-18.949869161816423,-1.5793097220981331,0,0,0,,1199.8830183,1180.9331491381836,-18.949869161816423,-1.5793097220981331,,,,,0,0,,,,,,,,,,,0,0,,,,,,,2415.5133642,2412.489376604829,-3.023987595171093,-0.12519026555552157,0.0,0.0,0.0,,2415.5133642,2412.489376604829,-3.023987595171093,-0.12519026555552157
16,2021-10-06,72.66000366210938,4.960000038146973,293.1099853515625,146.4600067138672,316.8800048828125,715.6303311999999,754.0270082034301,38.39667700343023,5.365434544822188,0,0,0,,715.6303311999999,754.0270082034301,38.39667700343023,5.365434544822188,500.0000147,487.2298805472469,-12.770134152753087,-2.554026755462231,0,0,0,,500.0000147,487.2298805472469,-12.770134152753087,-2.554026755462231,1199.8830183,1198.7231137927247,-1.1599045072753142,-0.09666813260834982,0,0,0,,1199.8830183,1198.7231137927247,-1.1599045072753142,-0.09666813260834982,,,,,0,0,,,,,,,,,,,0,0,,,,,,,2415.5133642,2439.9800025434015,24.466638343401826,1.0128960040552124,0.0,0.0,0.0,,2415.5133642,2439.9800025434015,24.466638343401826,1.0128960040552124
17,2021-10-07,73.30000305175781,5.179999828338623,294.8500061035156,150.0800018310547,324.1700134277344,715.6303311999999,760.6685826695251,45.03825146952522,6.293507905681294,0,0,0,,715.6303311999999,760.6685826695251,45.03825146952522,6.293507905681294,500.0000147,508.84086253738883,8.840847837388822,1.7681695154935806,0,0,0,,500.0000147,508.84086253738883,8.840847837388822,1.7681695154935806,1199.8830183,1205.8392244613647,5.956206161364662,0.49639890477018694,0,0,0,,1199.8830183,1205.8392244613647,5.956206161364662,0.49639890477018694,,,,,0,0,,,,,,,,,,,0,0,,,,,,,2415.5133642,2475.3486696682785,59.835305468278705,2.4771258298583425,0.0,0.0,0.0,,2415.5133642,2475.3486696682785,59.835305468278705,2.4771258298583425
18,2021-10-08,72.33999633789062,5.150000095367432,294.8500061035156,150.89999389648438,320.6000061035156,715.6303311999999,750.7061417965698,35.07581059656991,4.90138680088549,0,0,0,,715.6303311999999,750.7061417965698,35.07581059656991,4.90138680088549,500.0000147,505.89393386811736,5.89391916811735,1.1787837989672263,0,0,0,,500.0000147,505.89393386811736,5.89391916811735,1.1787837989672263,1199.8830183,1205.8392244613647,5.956206161364662,0.49639890477018694,0,0,0,,1199.8830183,1205.8392244613647,5.956206161364662,0.49639890477018694,,,,,0,0,,,,,,,,,,,0,0,,,,,,,2415.5133642,2462.439300126052,46.92593592605192,1.942689973135103,0.0,0.0,0.0,,2415.5133642,2462.439300126052,46.92593592605192,1.942689973135103
19,2021-10-09,72.33999633789062,5.150000095367432,294.8500061035156,150.89999389648438,320.6000061035156,715.6303311999999,750.7061417965698,35.07581059656991,4.90138680088549,0,0,0,,715.6303311999999,750.7061417965698,35.07581059656991,4.90138680088549,500.0000147,505.89393386811736,5.89391916811735,1.1787837989672263,0,0,0,,500.0000147,505.89393386811736,5.89391916811735,1.1787837989672263,1199.8830183,1205.8392244613647,5.956206161364662,0.49639890477018694,0,0,0,,1199.8830183,1205.8392244613647,5.956206161364662,0.49639890477018694,,,,,0,0,,,,,,,,,,,0,0,,,,,,,2415.5133642,2462.439300126052,46.92593592605192,1.942689973135103,0.0,0.0,0.0,,2415.5133642,2462.439300126052,46.92593592605192,1.942689973135103
20,2021-10-10,72.33999633789062,5.150000095367432,294.8500061035156,150.89999389648438,320.6000061035156,715.6303311999999,750.7061417965698,35.07581059656991,4.90138680088549,0,0,0,,715.6303311999999,750.7061417965698,35.07581059656991,4.90138680088549,500.0000147,505.89393386811736,5.89391916811735,1.1787837989672263,0,0,0,,500.0000147,505.89393386811736,5.89391916811735,1.1787837989672263,1199.8830183,1205.8392244613647,5.956206161364662,0.49639890477018694,0,0,0,,1199.8830183,1205.8392244613647,5.956206161364662,0.49639890477018694,,,,,0,0,,,,,,,,,,,0,0,,,,,,,2415.5133642,2462.439300126052,46.92593592605192,1.942689973135103,0.0,0.0,0.0,,2415.5133642,2462.439300126052,46.92593592605192,1.942689973135103
21,2021-10-11,71.69000244140625,5.110000133514404,294.2300109863281,151.1999969482422,320.7200012207031,715.6303311999999,743.96084963562,28.330518435620093,3.9588202456587123,0,0,0,,715.6303311999999,743.96084963562,28.330518435620093,3.9588202456587123,500.0000147,501.96466441536427,1.96464971536426,0.392929931520712,0,0,0,,500.0000147,501.96466441536427,1.96464971536426,0.392929931520712,1199.8830183,1203.3036490304564,3.4206307304564234,0.2850803518581994,0,0,0,,1199.8830183,1203.3036490304564,3.4206307304564234,0.2850803518581994,,,,,0,0,,,,,,,,,,,0,0,,,,,,,2415.5133642,2449.2291630814407,33.715798881440776,1.3958026223799025,0.0,0.0,0.0,,2415.5133642,2449.2291630814407,33.715798881440776,1.3958026223799025
22,2021-10-12,73.47000122070312,5.360000133514404,292.8800048828125,155.66000366210938,326.6300048828125,715.6303311999999,762.4327335678099,46.80240236781003,6.54002497201729,0,0,0,,715.6303311999999,762.4327335678099,46.80240236781003,6.54002497201729,500.0000147,526.5226219153643,26.522607215364303,5.304521287119935,0,0,0,,500.0000147,526.5226219153643,26.522607215364303,5.304521287119935,1199.8830183,1197.7825695690917,-2.1004487309082833,-0.17505445938256622,0,0,0,,1199.8830183,1197.7825695690917,-2.1004487309082833,-0.17505445938256622,,,,,0,0,,,,,,,,,,,0,0,,,,,,,2415.5133642,2486.737925052266,71.22456085226605,2.948630378447722,0.0,0.0,0.0,,2415.5133642,2486.737925052266,71.22456085226605,2.948630378447722
23,2021-10-13,74.80000305175781,5.360000133514404,296.30999755859375,161.58999633789062,345.760009765625,715.6303311999999,776.2347876695251,60.60445646952519,8.468681919602405,0,0,0,,715.6303311999999,776.2347876695251,60.60445646952519,8.468681919602405,500.0000147,526.5226219153643,26.522607215364303,5.304521287119935,0,0,0,,500.0000147,526.5226219153643,26.522607215364303,5.304521287119935,1199.8830183,1211.810107715454,11.92708941545402,0.994021019845116,0,0,0,,1199.8830183,1211.810107715454,11.92708941545402,0.994021019845116,,,,,0,0,,,,,,,,,,,0,0,,,,,,,2415.5133642,2514.5675173003438,99.05415310034351,4.100749537071995,0.0,0.0,0.0,,2415.5133642,2514.5675173003438,99.05415310034351,4.100749537071995
24,2021-10-14,76.80000305175781,5.340000152587891,302.75,164.47999572753906,357.4599914550781,715.6303311999999,796.9897276695251,81.35939646952522,11.368913938163892,0,0,0,,715.6303311999999,796.9897276695251,81.35939646952522,11.368913938163892,500.0000147,524.5579871889878,24.557972488987787,4.9115943533966835,0,0,0,,500.0000147,524.5579871889878,24.557972488987787,4.9115943533966835,1199.8830183,1238.1475925,38.26457419999997,3.1890253980103327,0,0,0,,1199.8830183,1238.1475925,38.26457419999997,3.1890253980103327,,,,,0,0,,,,,,,,,,,0,0,,,,,,,2415.5133642,2559.6953073585128,144.18194315851298,5.968997948651991,0.0,0.0,0.0,,2415.5133642,2559.6953073585128,144.18194315851298,5.968997948651991
25,2021-10-15,75.5199966430664,5.159999847412109,304.2099914550781,165.0,353.30999755859375,715.6303311999999,783.7064995635222,68.07616836352236,9.512756152938529,0,0,0,,715.6303311999999,783.7064995635222,68.07616836352236,9.512756152938529,500.0000147,506.87622781101226,6.876213111012248,1.3752425817703178,0,0,0,,500.0000147,506.87622781101226,6.876213111012248,1.3752425817703178,1199.8830183,1244.1184757540893,44.23545745408933,3.686647513085262,0,0,0,,1199.8830183,1244.1184757540893,44.23545745408933,3.686647513085262,,,,,0,0,,,,,,,,,,,0,0,,,,,,,2415.5133642,2534.701203128624,119.18783892862393,4.934265348935383,0.0,0.0,0.0,,2415.5133642,2534.701203128624,119.18783892862393,4.934265348935383
26,2021-10-16,75.5199966430664,5.159999847412109,304.2099914550781,165.0,353.30999755859375,715.6303311999999,783.7064995635222,68.07616836352236,9.512756152938529,0,0,0,,715.6303311999999,783.7064995635222,68.07616836352236,9.512756152938529,500.0000147,506.87622781101226,6.876213111012248,1.3752425817703178,0,0,0,,500.0000147,506.87622781101226,6.876213111012248,1.3752425817703178,1199.8830183,1244.1184757540893,44.23545745408933,3.686647513085262,0,0,0,,1199.8830183,1244.1184757540893,44.23545745408933,3.686647513085262,,,,,0,0,,,,,,,,,,,0,0,,,,,,,2415.5133642,2534.701203128624,119.18783892862393,4.934265348935383,0.0,0.0,0.0,,2415.5133642,2534.701203128624,119.18783892862393,4.934265348935383
27,2021-10-17,75.5199966430664,5.159999847412109,304.2099914550781,165.0,353.30999755859375,715.6303311999999,783.7064995635222,68.07616836352236,9.512756152938529,0,0,0,,715.6303311999999,783.7064995635222,68.07616836352236,9.512756152938529,500.0000147,506.87622781101226,6.876213111012248,1.3752425817703178,0,0,0,,500.0000147,506.87622781101226,6.876213111012248,1.3752425817703178,1199.8830183,1244.1184757540893,44.23545745408933,3.686647513085262,0,0,0,,1199.8830183,1244.1184757540893,44.23545745408933,3.686647513085262,,,,,0,0,,,,,,,,,,,0,0,,,,,,,2415.5133642,2534.701203128624,119.18783892862393,4.934265348935383,0.0,0.0,0.0,,2415.5133642,2534.701203128624,119.18783892862393,4.934265348935383
28,2021-10-18,75.5199966430664,5.199999809265137,307.2900085449219,163.92999267578125,361.2699890136719,715.6303311999999,783.7064995635222,68.07616836352236,9.512756152938529,0,0,0,,715.6303311999999,783.7064995635222,68.07616836352236,9.512756152938529,500.0000147,510.80549726376535,10.805482563765338,2.161096449216832,0,0,0,,500.0000147,510.80549726376535,10.805482563765338,2.161096449216832,1199.8830183,1256.7147292459106,56.83171094591057,4.736437642598694,0,0,0,,1199.8830183,1256.7147292459106,56.83171094591057,4.736437642598694,,,,,0,0,,,,,,,,,,,0,0,,,,,,,2415.5133642,2551.226726073198,135.71336187319827,5.618406583237638,0.0,0.0,0.0,,2415.5133642,2551.226726073198,135.71336187319827,5.618406583237638
29,2021-10-19,75.61000061035156,5.269999980926514,308.2300109863281,165.58999633789062,365.0299987792969,715.6303311999999,784.640513033905,69.01018183390511,9.643272346797522,0,0,0,,715.6303311999999,784.640513033905,69.01018183390511,9.643272346797522,500.0000147,517.6817422263765,17.681727526376505,3.5363454013067463,0,0,0,,500.0000147,517.6817422263765,17.681727526376505,3.5363454013067463,1199.8830183,1260.5590290304565,60.67601073045648,5.056827191072555,0,0,0,,1199.8830183,1260.5590290304565,60.67601073045648,5.056827191072555,,,,,0,0,,,,,,,,,,,0,0,,,,,,,2415.5133642,2562.881284290738,147.3679200907381,6.100894421652074,0.0,0.0,0.0,,2415.5133642,2562.881284290738,147.3679200907381,6.100894421652074
30,2021-10-20,75.70999908447266,5.340000152587891,307.4100036621094,167.27000427246094,366.5899963378906,715.6303311999999,785.6782441991423,70.04791299914245,9.788281735024155,0,0,0,,715.6303311999999,785.6782441991423,70.04791299914245,9.788281735024155,500.0000147,524.5579871889878,24.557972488987787,4.9115943533966835,0,0,0,,500.0000147,524.5579871889878,24.557972488987787,4.9115943533966835,1199.8830183,1257.205469676819,57.32245137681889,4.777336665538747,0,0,0,,1199.8830183,1257.205469676819,57.32245137681889,4.777336665538747,,,,,0,0,,,,,,,,,,,0,0,,,,,,,2415.5133642,2567.441701064949,151.92833686494913,6.289691421983355,0.0,0.0,0.0,,2415.5133642,2567.441701064949,151.92833686494913,6.289691421983355
31,2021-10-21,74.80000305175781,5.199999809265137,310.760009765625,168.8300018310547,369.2300109863281,715.6303311999999,776.2347876695251,60.60445646952519,8.468681919602405,0,0,0,,715.6303311999999,776.2347876695251,60.60445646952519,8.468681919602405,500.0000147,510.80549726376535,10.805482563765338,2.161096449216832,0,0,0,,500.0000147,510.80549726376535,10.805482563765338,2.161096449216832,1199.8830183,1270.9058891381835,71.02287083818351,5.919149596667269,0,0,0,,1199.8830183,1270.9058891381835,71.02287083818351,5.919149596667269,,,,,0,0,,,,,,,,,,,0,0,,,,,,,2415.5133642,2557.946174071474,142.43280987147403,5.896585462223132,0.0,0.0,0.0,,2415.5133642,2557.946174071474,142.43280987147403,5.896585462223132
32,2021-10-22,72.7699966430664,5.150000095367432,309.1600036621094,167.47000122070312,358.19000244140625,715.6303311999999,755.1684570635223,39.538125863522396,5.524937127416491,0,0,0,,715.6303311999999,755.1684570635223,39.538125863522396,5.524937127416491,500.0000147,505.89393386811736,5.89391916811735,1.1787837989672263,0,0,0,,500.0000147,505.89393386811736,5.89391916811735,1.1787837989672263,1199.8830183,1264.3623921768187,64.47937387681873,5.3738050204405265,0,0,0,,1199.8830183,1264.3623921768187,64.47937387681873,5.3738050204405265,,,,,0,0,,,,,,,,,,,0,0,,,,,,,2415.5133642,2525.4247831084585,109.91141890845847,4.550230213479291,0.0,0.0,0.0,,2415.5133642,2525.4247831084585,109.91141890845847,4.550230213479291
33,2021-10-23,72.7699966430664,5.150000095367432,309.1600036621094,167.47000122070312,358.19000244140625,715.6303311999999,755.1684570635223,39.538125863522396,5.524937127416491,0,0,0,,715.6303311999999,755.1684570635223,39.538125863522396,5.524937127416491,500.0000147,505.89393386811736,5.89391916811735,1.1787837989672263,0,0,0,,500.0000147,505.89393386811736,5.89391916811735,1.1787837989672263,1199.8830183,1264.3623921768187,64.47937387681873,5.3738050204405265,0,0,0,,1199.8830183,1264.3623921768187,64.47937387681873,5.3738050204405265,,,,,0,0,,,,,,,,,,,0,0,,,,,,,2415.5133642,2525.4247831084585,109.91141890845847,4.550230213479291,0.0,0.0,0.0,,2415.5133642,2525.4247831084585,109.91141890845847,4.550230213479291
34,2021-10-24,72.7699966430664,5.150000095367432,309.1600036621094,167.47000122070312,358.19000244140625,715.6303311999999,755.1684570635223,39.538125863522396,5.524937127416491,0,0,0,,715.6303311999999,755.1684570635223,39.538125863522396,5.524937127416491,500.0000147,505.89393386811736,5.89391916811735,1.1787837989672263,0,0,0,,500.0000147,505.89393386811736,5.89391916811735,1.1787837989672263,1199.8830183,1264.3623921768187,64.47937387681873,5.3738050204405265,0,0,0,,1199.8830183,1264.3623921768187,64.47937387681873,5.3738050204405265,,,,,0,0,,,,,,,,,,,0,0,,,,,,,2415.5133642,2525.4247831084585,109.91141890845847,4.550230213479291,0.0,0.0,0.0,,2415.5133642,2525.4247831084585,109.91141890845847,4.550230213479291
35,2021-10-25,73.70999908447266,5.190000057220459,308.1300048828125,168.36000061035156,358.1700134277344,715.6303311999999,764.9233041991424,49.292972999142535,6.88804971646268,0,0,0,,715.6303311999999,764.9233041991424,49.292972999142535,6.88804971646268,500.0000147,509.8232033208704,9.823188620870383,1.964637666413729,0,0,0,,500.0000147,509.8232033208704,9.823188620870383,1.964637666413729,1199.8830183,1260.1500370690917,60.26701876909169,5.022741204761635,0,0,0,,1199.8830183,1260.1500370690917,60.26701876909169,5.022741204761635,,,,,0,0,,,,,,,,,,,0,0,,,,,,,2415.5133642,2534.8965445891045,119.38318038910461,4.942352303177722,0.0,0.0,0.0,,2415.5133642,2534.8965445891045,119.38318038910461,4.942352303177722
36,2021-10-26,71.91000366210938,5.159999847412109,310.1099853515625,167.3800048828125,353.9200134277344,715.6303311999999,746.2439057034301,30.613574503430186,4.277847537861625,0,0,0,,715.6303311999999,746.2439057034301,30.613574503430186,4.277847537861625,500.0000147,506.87622781101226,6.876213111012248,1.3752425817703178,0,0,0,,500.0000147,506.87622781101226,6.876213111012248,1.3752425817703178,1199.8830183,1268.2475037927245,68.3644854927245,5.6975958864376315,0,0,0,,1199.8830183,1268.2475037927245,68.3644854927245,5.6975958864376315,,,,,0,0,,,,,,,,,,,0,0,,,,,,,2415.5133642,2521.3676373071667,105.85427310716693,4.382268161957561,0.0,0.0,0.0,,2415.5133642,2521.3676373071667,105.85427310716693,4.382268161957561
37,2021-10-27,69.69999694824219,5.050000190734863,323.1700134277344,163.25,345.6600036621094,715.6303311999999,723.3096273304748,7.6792961304748815,1.0730814214648932,0,0,0,,715.6303311999999,723.3096273304748,7.6792961304748815,1.0730814214648932,500.0000147,496.07076023623466,-3.9292544637653464,-0.7858508696490537,0,0,0,,500.0000147,496.07076023623466,-3.9292544637653464,-0.7858508696490537,1199.8830183,1321.6587088150025,121.77569051500245,10.148963578760773,0,0,0,,1199.8830183,1321.6587088150025,121.77569051500245,10.148963578760773,,,,,0,0,,,,,,,,,,,0,0,,,,,,,2415.5133642,2541.0390963817117,125.52573218171199,5.196648217398078,0.0,0.0,0.0,,2415.5133642,2541.0390963817117,125.52573218171199,5.196648217398078
38,2021-10-28,69.7699966430664,5.139999866485596,324.3500061035156,164.5,284.92999267578125,715.6303311999999,724.0360470635222,8.405715863522346,1.1745890995742563,0,0,0,,715.6303311999999,724.0360470635222,8.405715863522346,1.1745890995742563,500.0000147,504.91159308463574,4.911578384635732,0.9823156480470663,0,0,0,,500.0000147,504.91159308463574,4.911578384635732,0.9823156480470663,1199.8830183,1326.4844894613648,126.60147116136477,10.551151173114722,0,0,0,,1199.8830183,1326.4844894613648,126.60147116136477,10.551151173114722,,,,,0,0,,,,,,,,,,,0,0,,,,,,,2415.5133642,2555.4321296095227,139.91876540952285,5.792506366689578,0.0,0.0,0.0,,2415.5133642,2555.4321296095227,139.91876540952285,5.792506366689578
39,2021-10-29,73.19000244140625,5.079999923706055,331.6199951171875,164.82000732421875,291.3599853515625,715.6303311999999,759.5270546356201,43.896723435620174,6.133994259579837,0,0,0,,715.6303311999999,759.5270546356201,43.896723435620174,6.133994259579837,500.0000147,499.01768890550613,-0.9823257944938746,-0.1964651531226994,0,0,0,,500.0000147,499.01768890550613,-0.9823257944938746,-0.1964651531226994,1199.8830183,1356.2163454309082,156.33332713090817,13.02904739433699,0,0,0,,1199.8830183,1356.2163454309082,156.33332713090817,13.02904739433699,,,,,0,0,,,,,,,,,,,0,0,,,,,,,2415.5133642,2614.7610889720345,199.24772477203447,8.248669940107069,0.0,0.0,0.0,,2415.5133642,2614.7610889720345,199.24772477203447,8.248669940107069
40,2021-10-30,73.19000244140625,5.079999923706055,331.6199951171875,164.82000732421875,291.3599853515625,715.6303311999999,759.5270546356201,43.896723435620174,6.133994259579837,0,0,0,,715.6303311999999,759.5270546356201,43.896723435620174,6.133994259579837,500.0000147,499.01768890550613,-0.9823257944938746,-0.1964651531226994,0,0,0,,500.0000147,499.01768890550613,-0.9823257944938746,-0.1964651531226994,1199.8830183,1356.2163454309082,156.33332713090817,13.02904739433699,0,0,0,,1199.8830183,1356.2163454309082,156.33332713090817,13.02904739433699,,,,,0,0,,,,,,,,,,,0,0,,,,,,,2415.5133642,2614.7610889720345,199.24772477203447,8.248669940107069,0.0,0.0,0.0,,2415.5133642,2614.7610889720345,199.24772477203447,8.248669940107069
41,2021-10-31,73.19000244140625,5.079999923706055,331.6199951171875,164.82000732421875,291.3599853515625,715.6303311999999,759.5270546356201,43.896723435620174,6.133994259579837,0,0,0,,715.6303311999999,759.5270546356201,43.896723435620174,6.133994259579837,500.0000147,499.01768890550613,-0.9823257944938746,-0.1964651531226994,0,0,0,,500.0000147,499.01768890550613,-0.9823257944938746,-0.1964651531226994,1199.8830183,1356.2163454309082,156.33332713090817,13.02904739433699,0,0,0,,1199.8830183,1356.2163454309082,156.33332713090817,13.02904739433699,,,,,0,0,,,,,,,,,,,0,0,,,,,,,2415.5133642,2614.7610889720345,199.24772477203447,8.248669940107069,0.0,0.0,0.0,,2415.5133642,2614.7610889720345,199.24772477203447,8.248669940107069
42,2021-11-01,75.55999755859375,5.400000095367432,329.3699951171875,166.0,300.6000061035156,715.6303311999999,784.1216078643798,68.49127666437994,9.57076212093062,0,0,0,,715.6303311999999,784.1216078643798,68.49127666437994,9.57076212093062,500.0000147,530.4518913681173,30.451876668117336,6.090375154566438,0,0,0,,500.0000147,530.4518913681173,30.451876668117336,6.090375154566438,1199.8830183,1347.0145879309082,147.1315696309082,12.262159509463256,0,0,0,,1199.8830183,1347.0145879309082,147.1315696309082,12.262159509463256,,,,,0,0,,,,,,,,,,,0,0,,,,,,,2415.5133642,2661.5880871634054,246.07472296340546,10.187263983319065,0.0,0.0,0.0,,2415.5133642,2661.5880871634054,246.07472296340546,10.187263983319065
43,2021-11-02,73.73999786376953,6.079999923706055,333.1300048828125,164.97999572753906,300.07000732421875,715.6303311999999,765.2346156313323,49.60428443133242,6.931551426579951,0,0,0,,715.6303311999999,765.2346156313323,49.60428443133242,6.931551426579951,500.0000147,597.2495189055062,97.24950420550618,19.449900269274167,0,0,0,,500.0000147,597.2495189055062,97.24950420550618,19.449900269274167,1199.8830183,1362.3917870690918,162.50876876909183,13.543717703358702,0,0,0,,1199.8830183,1362.3917870690918,162.50876876909183,13.543717703358702,,,,,0,0,,,,,,,,,,,0,0,,,,,,,2415.5133642,2724.8759216059307,309.36255740593043,12.807321292067831,0.0,0.0,0.0,,2415.5133642,2724.8759216059307,309.36255740593043,12.807321292067831
44,2021-11-03,77.76000213623047,6.119999885559082,334.0,166.25,312.42999267578125,715.6303311999999,806.9520893686675,91.32175816866766,12.761023979452546,0,0,0,,715.6303311999999,806.9520893686675,91.32175816866766,12.761023979452546,500.0000147,601.1787883582592,101.17877365825922,20.235754136720672,0,0,0,,500.0000147,601.1787883582592,101.17877365825922,20.235754136720672,1199.8830183,1365.94978,166.06676169999992,13.840246021256647,0,0,0,,1199.8830183,1365.94978,166.06676169999992,13.840246021256647,,,,,0,0,,,,,,,,,,,0,0,,,,,,,2415.5133642,2774.080657726927,358.5672935269268,14.84435146752672,0.0,0.0,0.0,,2415.5133642,2774.080657726927,358.5672935269268,14.84435146752672
45,2021-11-04,80.51000213623047,5.929999828338623,336.44000244140625,166.44000244140625,313.4200134277344,715.6303311999999,835.4901318686675,119.85980066866762,16.74884300497458,0,0,0,,715.6303311999999,835.4901318686675,119.85980066866762,16.74884300497458,500.0000147,582.5147350373888,82.51472033738884,16.502943582291227,0,0,0,,500.0000147,582.5147350373888,82.51472033738884,16.502943582291227,1199.8830183,1375.9285847845458,176.04556648454582,14.671894159646332,0,0,0,,1199.8830183,1375.9285847845458,176.04556648454582,14.671894159646332,,,,,0,0,,,,,,,,,,,0,0,,,,,,,2415.5133642,2793.933451690602,378.42008749060227,15.666238618221504,0.0,0.0,0.0,,2415.5133642,2793.933451690602,378.42008749060227,15.666238618221504
46,2021-11-05,79.56999969482422,5.519999980926514,336.05999755859375,166.07000732421875,310.6000061035156,715.6303311999999,825.7352847330474,110.10495353304748,15.385730415928393,0,0,0,,715.6303311999999,825.7352847330474,110.10495353304748,15.385730415928393,500.0000147,542.2396997263766,42.23968502637655,8.44793675690597,0,0,0,,500.0000147,542.2396997263766,42.23968502637655,8.44793675690597,1199.8830183,1374.374490215454,174.49147191545399,14.54237365261443,0,0,0,,1199.8830183,1374.374490215454,174.49147191545399,14.54237365261443,,,,,0,0,,,,,,,,,,,0,0,,,,,,,2415.5133642,2742.349474674878,326.836110474878,13.530710089162497,0.0,0.0,0.0,,2415.5133642,2742.349474674878,326.836110474878,13.530710089162497
47,2021-11-06,79.56999969482422,5.519999980926514,336.05999755859375,166.07000732421875,310.6000061035156,715.6303311999999,825.7352847330474,110.10495353304748,15.385730415928393,0,0,0,,715.6303311999999,825.7352847330474,110.10495353304748,15.385730415928393,500.0000147,542.2396997263766,42.23968502637655,8.44793675690597,0,0,0,,500.0000147,542.2396997263766,42.23968502637655,8.44793675690597,1199.8830183,1374.374490215454,174.49147191545399,14.54237365261443,0,0,0,,1199.8830183,1374.374490215454,174.49147191545399,14.54237365261443,,,,,0,0,,,,,,,,,,,0,0,,,,,,,2415.5133642,2742.349474674878,326.836110474878,13.530710089162497,0.0,0.0,0.0,,2415.5133642,2742.349474674878,326.836110474878,13.530710089162497
48,2021-11-07,79.56999969482422,5.519999980926514,336.05999755859375,166.07000732421875,310.6000061035156,715.6303311999999,825.7352847330474,110.10495353304748,15.385730415928393,0,0,0,,715.6303311999999,825.7352847330474,110.10495353304748,15.385730415928393,500.0000147,542.2396997263766,42.23968502637655,8.44793675690597,0,0,0,,500.0000147,542.2396997263766,42.23968502637655,8.44793675690597,1199.8830183,1374.374490215454,174.49147191545399,14.54237365261443,0,0,0,,1199.8830183,1374.374490215454,174.49147191545399,14.54237365261443,,,,,0,0,,,,,,,,,,,0,0,,,,,,,2415.5133642,2742.349474674878,326.836110474878,13.530710089162497,0.0,0.0,0.0,,2415.5133642,2742.349474674878,326.836110474878,13.530710089162497
49,2021-11-08,78.41999816894531,5.429999828338623,336.989990234375,168.69000244140625,313.010009765625,715.6303311999999,813.8011783982848,98.17084719828495,13.718094792554114,0,0,0,,715.6303311999999,813.8011783982848,98.17084719828495,13.718094792554114,500.0000147,533.3988200373888,33.39880533738875,6.67976087109278,0,0,0,,500.0000147,533.3988200373888,33.39880533738875,6.67976087109278,1199.8830183,1378.1778533618165,178.29483506181646,14.85935148198242,0,0,0,,1199.8830183,1378.1778533618165,178.29483506181646,14.85935148198242,,,,,0,0,,,,,,,,,,,0,0,,,,,,,2415.5133642,2725.3778517974897,309.86448759749015,12.828100733779813,0.0,0.0,0.0,,2415.5133642,2725.3778517974897,309.86448759749015,12.828100733779813
50,2021-11-09,80.16000366210938,5.28000020980835,335.95001220703125,173.30999755859375,310.6000061035156,715.6303311999999,831.8580332034301,116.22770200343018,16.24130461442775,0,0,0,,715.6303311999999,831.8580332034301,116.22770200343018,16.24130461442775,500.0000147,518.6640830098581,18.664068309858123,3.732813552226906,0,0,0,,500.0000147,518.6640830098581,18.664068309858123,3.732813552226906,1199.8830183,1373.9246864227296,174.04166812272956,14.504886348780287,0,0,0,,1199.8830183,1373.9246864227296,174.04166812272956,14.504886348780287,,,,,0,0,,,,,,,,,,,0,0,,,,,,,2415.5133642,2724.4468026360178,308.93343843601787,12.789556167011071,0.0,0.0,0.0,,2415.5133642,2724.4468026360178,308.93343843601787,12.789556167011071
51,2021-11-10,73.81999969482422,4.989999771118164,330.79998779296875,164.41000366210938,297.2799987792969,715.6303311999999,766.0648322330474,50.43450103304747,7.047563362564121,0,0,0,,715.6303311999999,766.0648322330474,50.43450103304747,7.047563362564121,500.0000147,490.1768092165184,-9.823205483481615,-1.9646410389358766,0,0,0,,500.0000147,490.1768092165184,-9.823205483481615,-1.9646410389358766,1199.8830183,1352.8627860772706,152.97976777727058,12.74955686880318,0,0,0,,1199.8830183,1352.8627860772706,152.97976777727058,12.74955686880318,,,,,0,0,,,,,,,673.718748,676.1752484234619,2.4565004234618755,0.3646180888915794,0,0,0.0,,673.718748,676.1752484234619,2.4565004234618755,0.3646180888915794,3089.2321122000003,3285.279675950298,196.0475637502983,6.346158418335301,0.0,0.0,0.0,,3089.2321122000003,3285.279675950298,196.0475637502983,6.346158418335301
52,2021-11-11,72.31999969482422,5.099999904632568,332.42999267578125,163.7899932861328,298.0,715.6303311999999,750.4986272330474,34.8682960330475,4.872389348643011,0,0,0,,715.6303311999999,750.4986272330474,34.8682960330475,4.872389348643011,500.0000147,500.9823236318827,0.9823089318826987,0.1964617806005634,0,0,0,,500.0000147,500.9823236318827,0.9823089318826987,0.1964617806005634,1199.8830183,1359.5289681463623,159.64594984636233,13.305126200764928,0,0,0,,1199.8830183,1359.5289681463623,159.64594984636233,13.305126200764928,,,,,0,0,,,,,,,673.718748,677.81292,4.094171999999958,0.6076975016880424,0,0,0.0,,673.718748,677.81292,4.094171999999958,0.6076975016880424,3089.2321122000003,3288.822839011292,199.59072681129248,6.460852391863592,0.0,0.0,0.0,,3089.2321122000003,3288.822839011292,199.59072681129248,6.460852391863592
53,2021-11-12,71.83999633789062,5.119999885559082,336.7200012207031,167.82000732421875,304.1600036621094,715.6303311999999,745.5174067965697,29.887075596569844,4.17632879624511,0,0,0,,715.6303311999999,745.5174067965697,29.887075596569844,4.17632879624511,500.0000147,502.9469583582592,2.9469436582592152,0.5893887143238148,0,0,0,,500.0000147,502.9469583582592,2.9469436582592152,0.5893887143238148,1199.8830183,1377.0736873922729,177.19066909227286,14.767328680367314,0,0,0,,1199.8830183,1377.0736873922729,177.19066909227286,14.767328680367314,,,,,0,0,,,,,,,673.718748,691.8240947296142,18.10534672961421,2.6873746327175403,0,0,0.0,,673.718748,691.8240947296142,18.10534672961421,2.6873746327175403,3089.2321122000003,3317.3621472767163,228.13003507671613,7.384684180116622,0.0,0.0,0.0,,3089.2321122000003,3317.3621472767163,228.13003507671613,7.384684180116622
54,2021-11-13,71.83999633789062,5.119999885559082,336.7200012207031,167.82000732421875,304.1600036621094,715.6303311999999,745.5174067965697,29.887075596569844,4.17632879624511,0,0,0,,715.6303311999999,745.5174067965697,29.887075596569844,4.17632879624511,500.0000147,502.9469583582592,2.9469436582592152,0.5893887143238148,0,0,0,,500.0000147,502.9469583582592,2.9469436582592152,0.5893887143238148,1199.8830183,1377.0736873922729,177.19066909227286,14.767328680367314,0,0,0,,1199.8830183,1377.0736873922729,177.19066909227286,14.767328680367314,,,,,0,0,,,,,,,673.718748,691.8240947296142,18.10534672961421,2.6873746327175403,0,0,0.0,,673.718748,691.8240947296142,18.10534672961421,2.6873746327175403,3089.2321122000003,3317.3621472767163,228.13003507671613,7.384684180116622,0.0,0.0,0.0,,3089.2321122000003,3317.3621472767163,228.13003507671613,7.384684180116622
55,2021-11-14,71.83999633789062,5.119999885559082,336.7200012207031,167.82000732421875,304.1600036621094,715.6303311999999,745.5174067965697,29.887075596569844,4.17632879624511,0,0,0,,715.6303311999999,745.5174067965697,29.887075596569844,4.17632879624511,500.0000147,502.9469583582592,2.9469436582592152,0.5893887143238148,0,0,0,,500.0000147,502.9469583582592,2.9469436582592152,0.5893887143238148,1199.8830183,1377.0736873922729,177.19066909227286,14.767328680367314,0,0,0,,1199.8830183,1377.0736873922729,177.19066909227286,14.767328680367314,,,,,0,0,,,,,,,673.718748,691.8240947296142,18.10534672961421,2.6873746327175403,0,0,0.0,,673.718748,691.8240947296142,18.10534672961421,2.6873746327175403,3089.2321122000003,3317.3621472767163,228.13003507671613,7.384684180116622,0.0,0.0,0.0,,3089.2321122000003,3317.3621472767163,228.13003507671613,7.384684180116622
56,2021-11-15,71.2699966430664,5.0,336.07000732421875,137.3800048828125,304.5,715.6303311999999,739.6022520635223,23.971920863522428,3.349763113495382,0,0,0,,715.6303311999999,739.6022520635223,23.971920863522428,3.349763113495382,500.0000147,491.15915,-8.840864699999997,-1.7681728880157166,0,0,0,,500.0000147,491.15915,-8.840864699999997,-1.7681728880157166,1199.8830183,1374.4154268536377,174.53240855363765,14.54578537172032,0,0,0,,1199.8830183,1374.4154268536377,174.53240855363765,14.54578537172032,,,,,0,0,,,,,,,673.718748,692.59743,18.878682000000026,2.802160702228228,0,0,0.0,,673.718748,692.59743,18.878682000000026,2.802160702228228,3089.2321122000003,3297.7742589171603,208.5421467171601,6.750614364443028,0.0,0.0,0.0,,3089.2321122000003,3297.7742589171603,208.5421467171601,6.750614364443028
57,2021-11-16,73.7300033569336,4.909999847412109,339.510009765625,141.38999938964844,310.75,715.6303311999999,765.1308979364776,49.50056673647771,6.917058232212295,0,0,0,,715.6303311999999,765.1308979364776,49.50056673647771,6.917058232212295,500.0000147,482.31827031101227,-17.681744388987738,-3.5363487738288937,0,0,0,,500.0000147,482.31827031101227,-17.681744388987738,-3.5363487738288937,1199.8830183,1388.4839016381836,188.60088333818362,15.718272570053893,0,0,0,,1199.8830183,1388.4839016381836,188.60088333818362,15.718272570053893,,,,,0,0,,,,,,,673.718748,706.813305,33.09455700000001,4.912221471978394,0,0,0.0,,673.718748,706.813305,33.09455700000001,4.912221471978394,3089.2321122000003,3342.746374885674,253.5142626856736,8.206384417813565,0.0,0.0,0.0,,3089.2321122000003,3342.746374885674,253.5142626856736,8.206384417813565
58,2021-11-17,71.44000244140625,4.71999979019165,339.1199951171875,139.52999877929688,302.7799987792969,715.6303311999999,741.36648213562,25.736150935620117,3.59629124333853,0,0,0,,715.6303311999999,741.36648213562,25.736150935620117,3.59629124333853,500.0000147,463.6542169901419,-36.34579770985812,-7.269159328258339,0,0,0,,500.0000147,463.6542169901419,-36.34579770985812,-7.269159328258339,1199.8830183,1386.8888704309081,187.00585213090812,15.585340343916103,0,0,0,,1199.8830183,1386.8888704309081,187.00585213090812,15.585340343916103,,,,,0,0,,,,,,,673.718748,688.685218423462,14.966470423461942,2.2214715662717377,0,0,0.0,,673.718748,688.685218423462,14.966470423461942,2.2214715662717377,3089.2321122000003,3280.5947879801324,191.36267578013207,6.194506234232201,0.0,0.0,0.0,,3089.2321122000003,3280.5947879801324,191.36267578013207,6.194506234232201
59,2021-11-18,68.4000015258789,4.420000076293945,341.2699890136719,136.05999755859375,290.989990234375,715.6303311999999,709.8189638347625,-5.811367365237402,-0.8120627524957822,0,0,0,,715.6303311999999,709.8189638347625,-5.811367365237402,-0.8120627524957822,500.0000147,434.18469609449386,-65.81531860550615,-13.163063334107166,0,0,0,,500.0000147,434.18469609449386,-65.81531860550615,-13.163063334107166,1199.8830183,1395.6816359695433,195.79861766954332,16.318142242478913,0,0,0,,1199.8830183,1395.6816359695433,195.79861766954332,16.318142242478913,,,,,0,0,,,,,,,673.718748,661.8683723876953,-11.850375612304674,-1.7589499546336915,0,0,0.0,,673.718748,661.8683723876953,-11.850375612304674,-1.7589499546336915,3089.2321122000003,3201.553668286495,112.3215560864951,3.6359053644080084,0.0,0.0,0.0,,3089.2321122000003,3201.553668286495,112.3215560864951,3.6359053644080084
60,2021-11-19,66.73999786376953,4.409999847412109,343.1099853515625,132.49000549316406,285.0,715.6303311999999,692.5923256313323,-23.038005568667586,-3.219260638385249,0,0,0,,715.6303311999999,692.5923256313323,-23.038005568667586,-3.219260638385249,500.0000147,433.2023553110123,-66.79765938898771,-13.359531485027317,0,0,0,,500.0000147,433.2023553110123,-66.79765938898771,-13.359531485027317,1199.8830183,1403.2066137927245,203.3235954927245,16.945284864585744,0,0,0,,1199.8830183,1403.2066137927245,203.3235954927245,16.945284864585744,335.25966600000004,329.97960768127444,-5.280058318725594,-1.5749160588633389,0,0,0.0,,335.25966600000004,329.97960768127444,-5.280058318725594,-1.5749160588633389,673.718748,648.2439,-25.47484799999995,-3.7812288993922953,0,0,0.0,,673.718748,648.2439,-25.47484799999995,-3.7812288993922953,3424.4917782,3507.2248024163437,82.73302421634367,2.415921239554852,0.0,0.0,0.0,,3424.4917782,3507.2248024163437,82.73302421634367,2.415921239554852
61,2021-11-20,66.73999786376953,4.409999847412109,343.1099853515625,132.49000549316406,285.0,715.6303311999999,692.5923256313323,-23.038005568667586,-3.219260638385249,0,0,0,,715.6303311999999,692.5923256313323,-23.038005568667586,-3.219260638385249,500.0000147,433.2023553110123,-66.79765938898771,-13.359531485027317,0,0,0,,500.0000147,433.2023553110123,-66.79765938898771,-13.359531485027317,1199.8830183,1403.2066137927245,203.3235954927245,16.945284864585744,0,0,0,,1199.8830183,1403.2066137927245,203.3235954927245,16.945284864585744,335.25966600000004,329.97960768127444,-5.280058318725594,-1.5749160588633389,0,0,0.0,,335.25966600000004,329.97960768127444,-5.280058318725594,-1.5749160588633389,673.718748,648.2439,-25.47484799999995,-3.7812288993922953,0,0,0.0,,673.718748,648.2439,-25.47484799999995,-3.7812288993922953,3424.4917782,3507.2248024163437,82.73302421634367,2.415921239554852,0.0,0.0,0.0,,3424.4917782,3507.2248024163437,82.73302421634367,2.415921239554852
62,2021-11-21,66.73999786376953,4.409999847412109,343.1099853515625,132.49000549316406,285.0,715.6303311999999,692.5923256313323,-23.038005568667586,-3.219260638385249,0,0,0,,715.6303311999999,692.5923256313323,-23.038005568667586,-3.219260638385249,500.0000147,433.2023553110123,-66.79765938898771,-13.359531485027317,0,0,0,,500.0000147,433.2023553110123,-66.79765938898771,-13.359531485027317,1199.8830183,1403.2066137927245,203.3235954927245,16.945284864585744,0,0,0,,1199.8830183,1403.2066137927245,203.3235954927245,16.945284864585744,335.25966600000004,329.97960768127444,-5.280058318725594,-1.5749160588633389,0,0,0.0,,335.25966600000004,329.97960768127444,-5.280058318725594,-1.5749160588633389,673.718748,648.2439,-25.47484799999995,-3.7812288993922953,0,0,0.0,,673.718748,648.2439,-25.47484799999995,-3.7812288993922953,3424.4917782,3507.2248024163437,82.73302421634367,2.415921239554852,0.0,0.0,0.0,,3424.4917782,3507.2248024163437,82.73302421634367,2.415921239554852
63,2021-11-22,62.709999084472656,4.340000152587891,339.8299865722656,128.16000366210938,279.6099853515625,715.6303311999999,650.7711341991424,-64.85919700085753,-9.063226385625498,0,0,0,,715.6303311999999,650.7711341991424,-64.85919700085753,-9.063226385625498,500.0000147,426.32615718898774,-73.67385751101227,-14.734771069000185,0,0,0,,500.0000147,426.32615718898774,-73.67385751101227,-14.734771069000185,1199.8830183,1389.7925011849975,189.9094828849975,15.827333164033119,0,0,0,,1199.8830183,1389.7925011849975,189.9094828849975,15.827333164033119,335.25966600000004,319.19530512084964,-16.0643608791504,-4.791617515705094,0,0,0.0,,335.25966600000004,319.19530512084964,-16.0643608791504,-4.791617515705094,673.718748,635.9840960815429,-37.734651918457075,-5.600950252679784,0,0,0.0,,673.718748,635.9840960815429,-37.734651918457075,-5.600950252679784,3424.4917782,3422.06919377552,-2.422584424479794,-0.07074288920481987,0.0,0.0,0.0,,3424.4917782,3422.06919377552,-2.422584424479794,-0.07074288920481987
64,2021-11-23,60.41999816894531,4.144999980926514,335.64599609375,125.44879913330078,268.8949890136719,715.6303311999999,627.0067183982849,-88.62361280171501,-12.383993374499248,0,0,0,,715.6303311999999,627.0067183982849,-88.62361280171501,-12.383993374499248,500.0000147,407.17093347637655,-92.82908122362346,-18.56581569888971,0,0,0,,500.0000147,407.17093347637655,-92.82908122362346,-18.56581569888971,1199.8830183,1372.6813608447264,172.79834254472644,14.401265782521696,0,0,0,,1199.8830183,1372.6813608447264,172.79834254472644,14.401265782521696,335.25966600000004,312.4427791213989,-22.81688687860111,-6.805735730405788,0,0,0.0,,335.25966600000004,312.4427791213989,-22.81688687860111,-6.805735730405788,673.718748,611.6124083111572,-62.10633968884281,-9.218437199975739,0,0,0.0,,673.718748,611.6124083111572,-62.10633968884281,-9.218437199975739,3424.4917782,3330.914200151944,-93.57757804805595,-2.732597538816197,0.0,0.0,0.0,,3424.4917782,3330.914200151944,-93.57757804805595,-2.732597538816197
